LOAN_ID,DEFAULTER
25667,0.121096655
25668,0
25669,0.202509099
25670,0.203222187
25671,0.097361028
25672,0.142098393
25673,0.67696708
25674,0.189800304
25675,0.124308717
25676,0.05044221
25677,0.104714758
25678,0
25679,0.201408997
25680,0.2075631
25681,0.051971436
25682,0.573815727
25683,0.018370166
25684,0.737414173
25685,0.264406036
25686,0.669785134
25687,0.366684366
25688,0.315765795
25689,0.419285117
25690,0.174154457
25691,0.336481549
25692,0.159573293
25693,0.111905324
25694,0.414326184
25695,0.337181161
25696,0.132110383
25697,1
25698,0.450387535
25699,0.212715261
25700,0.203136761
25701,0.053747764
25702,0.040177193
25703,0.438340943
25704,0.231548282
25705,0.12814164
25706,0.125643781
25707,0.138888371
25708,0.266952027
25709,0.367117711
25710,0.246129397
25711,0.11902816
25712,0.115900808
25713,0.29614873
25714,0.176841626
25715,0.065557693
25716,0.155377667
25717,0.205599717
25718,0.016645693
25719,0.048147861
25720,0.2253817
25721,0.157916525
25722,0.802812171
25723,0.129544505
25724,0.181294031
25725,0.239974781
25726,0.240076876
25727,0.453572634
25728,0.465183553
25729,0.135052889
25730,0.155499598
25731,0.470391659
25732,0.110408177
25733,0.464510746
25734,0.00816537
25735,0.257213205
25736,0.673542458
25737,0.066387337
25738,0.317695737
25739,0.619479119
25740,0.115069604
25741,0.148834551
25742,0.071904872
25743,0
25744,0.146478868
25745,0.153112924
25746,0.065174839
25747,0.109663448
25748,0.196036378
25749,0.185157744
25750,0.194915036
25751,0.080943034
25752,0
25753,0.08028264
25754,0.172108884
25755,0.326650834
25756,0.153179463
25757,0
25758,0.283803309
25759,0.260574294
25760,0
25761,0.101957072
25762,0.196993962
25763,0.458771893
25764,0.036804787
25765,0.138784136
25766,0.140856859
25767,0
25768,0.169903925
25769,0.294799056
25770,0.733649141
25771,0.105951656
25772,0
25773,0.114243882
25774,0.192804066
25775,0.773213698
25776,0.148177718
25777,0.102124682
25778,0.029347829
25779,0.103328282
25780,0.742270044
25781,0.616453236
25782,0.223339316
25783,0.725476445
25784,0.205998467
25785,0.493997879
25786,0.093628267
25787,0.313554736
25788,0.238494296
25789,0.152996196
25790,0
25791,0.305358065
25792,0.157650017
25793,0.311418221
25794,0.00196918
25795,0.187328874
25796,0.167214203
25797,0.285843955
25798,0.138945268
25799,0.22135722
25800,0.224675384
25801,0.024364712
25802,0.40605241
25803,0.277659691
25804,0.103333767
25805,0.24067246
25806,0.236330214
25807,0.305288347
25808,0.204053604
25809,0.13932429
25810,0.095707104
25811,0.227771762
25812,0.324518676
25813,0.298093563
25814,0.305015636
25815,0.13271931
25816,0.174300979
25817,0.086306008
25818,0.339379746
25819,0.069879968
25820,0.268805537
25821,0.241042705
25822,0.207622131
25823,0
25824,0.001395294
25825,0.137649758
25826,0.032193143
25827,0.168596153
25828,0.09760699
25829,0.19373651
25830,0.204145095
25831,0.328889312
25832,0.170862772
25833,0.354571183
25834,0.076455814
25835,0.196568133
25836,0.096586251
25837,0.201628984
25838,0.161262076
25839,0.803394163
25840,0.138162684
25841,0.06712787
25842,0.103233271
25843,0.281323087
25844,0.121001347
25845,0.298760232
25846,0.165077025
25847,0.18585498
25848,0.095745165
25849,0.125970066
25850,0.153921796
25851,0.027638463
25852,0.171540902
25853,0
25854,0.251073153
25855,0.086420346
25856,0.602826194
25857,0.186230481
25858,0.034622441
25859,0.100197133
25860,0.144184155
25861,1
25862,0.057382124
25863,0.090228538
25864,0.189227405
25865,0.103184
25866,0.473093979
25867,0.885756635
25868,0.210328854
25869,0.068485694
25870,0.253563525
25871,0.177047563
25872,0.113950385
25873,0.051448697
25874,0.4421392
25875,0.225424261
25876,0
25877,0.436958289
25878,0.206308518
25879,0
25880,0.134914301
25881,0.274095497
25882,0.264183181
25883,0.192461148
25884,0.225462796
25885,0
25886,0.221509748
25887,0.217008156
25888,0.328953792
25889,0.179562509
25890,0.354522743
25891,0.092120988
25892,0.510883336
25893,0.164999172
25894,0.177789799
25895,0.245160944
25896,0.127381497
25897,0.117259187
25898,0.110748284
25899,0.423779071
25900,0.133404061
25901,0.213963949
25902,0.208758889
25903,0.071981927
25904,0.054923138
25905,0.537812285
25906,0.089612477
25907,0.094985279
25908,0.965094296
25909,0
25910,0.247446209
25911,0.100637073
25912,0.292636357
25913,0.166348951
25914,0.077850783
25915,0.337444239
25916,0.052130283
25917,0.203616884
25918,0.019153606
25919,0.170347127
25920,0.168799487
25921,0.184306216
25922,0.065718322
25923,0.309386433
25924,0
25925,0.296854434
25926,0.339413838
25927,0.218626606
25928,0.017204801
25929,0.032613198
25930,0.105674831
25931,0.659737221
25932,0.123322884
25933,0.356488228
25934,0.334348292
25935,0.120488211
25936,0.188743247
25937,0.259425832
25938,0.30558252
25939,0.106808804
25940,0
25941,0.137553132
25942,0.066694462
25943,0
25944,0.712198654
25945,0.014952801
25946,0.44318813
25947,0.282605192
25948,0.418291307
25949,0.191107703
25950,0.214875963
25951,0.264543822
25952,0.230496825
25953,0.053611772
25954,0.112165182
25955,0.020142115
25956,0.333523927
25957,0.418599618
25958,0.858127757
25959,0.263715926
25960,0.293113602
25961,0.165037729
25962,0.337667065
25963,0.157161753
25964,0.973715826
25965,0.385483438
25966,0.195353528
25967,0.176144659
25968,0.099980765
25969,0
25970,0.016016986
25971,0
25972,0.803028371
25973,0.180423128
25974,0.296735291
25975,0.330827518
25976,0.187293564
25977,0.184079236
25978,0.058836759
25979,0.294638896
25980,0.167805696
25981,0.305842558
25982,0.510573127
25983,0.242955963
25984,0.101366506
25985,0.070920947
25986,0.12442009
25987,0.350904593
25988,0.202988199
25989,0.482281593
25990,0.25887827
25991,0.11026124
25992,0.255565488
25993,0.369829953
25994,0.084117316
25995,0.143035743
25996,0
25997,0.557095316
25998,0.089982194
25999,0.306068264
26000,0.440157816
26001,0.290336404
26002,0.07267907
26003,0.325513165
26004,0.082468819
26005,0.05833559
26006,0.184254487
26007,0.271322801
26008,0.359075586
26009,0.135010951
26010,0.138416611
26011,0.258648741
26012,0.062402122
26013,0.228095412
26014,0.207980534
26015,0.135047675
26016,0.210702035
26017,0.151464476
26018,0.201202161
26019,0.166659991
26020,0
26021,0.108430923
26022,0.208035472
26023,0.304107681
26024,0.190894519
26025,0.25043305
26026,0
26027,0.104189927
26028,0.099200167
26029,0.031353455
26030,0.374367555
26031,0.454823531
26032,0.25206879
26033,0.230655782
26034,0.037596328
26035,0.151966254
26036,0.076780599
26037,0.364165649
26038,0.081847115
26039,0.232648407
26040,0.103382118
26041,0.220647282
26042,0.264636817
26043,0.307050826
26044,0.197814061
26045,0
26046,0.433559584
26047,0
26048,0
26049,0.051843428
26050,0
26051,0.220569886
26052,0.3011273
26053,0.22442868
26054,0.121602737
26055,0.181148172
26056,0.920838775
26057,0
26058,0.253650731
26059,0.020719229
26060,0.185808573
26061,0.156418957
26062,0.282909481
26063,0.000968898
26064,0.157717586
26065,0.227766281
26066,0.310058427
26067,0.167156409
26068,0.088969328
26069,0.082148401
26070,0.072164173
26071,0.27861955
26072,0.22727745
26073,0.199954613
26074,0.099334988
26075,0.13464112
26076,0.088719131
26077,0.032711442
26078,0.083551286
26079,0.234364069
26080,0.230862522
26081,0.014060999
26082,0
26083,0.295127144
26084,0.052360877
26085,0.045490957
26086,0.261208346
26087,0.178126706
26088,0.069651982
26089,0.474859779
26090,0.251616279
26091,0.737318152
26092,0
26093,0.023620145
26094,0.150012161
26095,0.194923755
26096,0
26097,0.402435156
26098,0.303403632
26099,0.140503271
26100,0.178900634
26101,0.08548337
26102,0.814207834
26103,0.11268567
26104,0.019104872
26105,0.146991411
26106,0.08543664
26107,0.30374925
26108,0.461600584
26109,0.139349878
26110,0.261184144
26111,0.107046256
26112,0.17518517
26113,0.223037011
26114,0.132099397
26115,0.286507981
26116,0.370412905
26117,0.252259624
26118,0.184335328
26119,0.184943166
26120,0.082904474
26121,0.121937809
26122,0.121324448
26123,0.281917196
26124,0.357701623
26125,0.178498166
26126,0.801903746
26127,0.175269311
26128,0.733148221
26129,0.220173925
26130,0.267112347
26131,0.060683298
26132,0
26133,0.481344479
26134,0
26135,0.070273916
26136,0
26137,0.151540604
26138,0.316872634
26139,0.043620474
26140,0.048982737
26141,0.253946773
26142,0.306200401
26143,0.162015464
26144,0.296784422
26145,0.306681609
26146,0.242665155
26147,0.276208496
26148,0.079550719
26149,0.351633536
26150,0.184970571
26151,0.125810599
26152,0.011446953
26153,0.039187238
26154,0
26155,0
26156,0.150350821
26157,0.49945392
26158,0.088087342
26159,0.194678904
26160,0.849253673
26161,0.158006906
26162,0.142532882
26163,0.114674658
26164,0.028843246
26165,0.208897605
26166,0.112496259
26167,0.167439286
26168,0.278681294
26169,0.234104302
26170,0.064930606
26171,0
26172,0.176107275
26173,0.100239971
26174,0
26175,0.217795517
26176,0.352024984
26177,0.04896088
26178,0.181677708
26179,0.246877224
26180,0.074433639
26181,0.044186338
26182,0.12314905
26183,0
26184,0.148386652
26185,0.147939402
26186,0.425740511
26187,0.116702475
26188,0.278995247
26189,0.210972758
26190,0.219437304
26191,0.267152634
26192,0.101241559
26193,0.423728172
26194,0.361049511
26195,0.876317673
26196,0.036377544
26197,0.122049947
26198,0.209265881
26199,0.371464751
26200,0.246307816
26201,0.049248469
26202,0.505513594
26203,0.269452958
26204,0.227687613
26205,0
26206,0.212339906
26207,0.166615119
26208,0
26209,0
26210,0.633611079
26211,0.114835429
26212,0.250021949
26213,0.12144805
26214,0
26215,0.208122187
26216,0.199237426
26217,0.261070402
26218,0.431158174
26219,0.118404882
26220,0.225738226
26221,0.099638281
26222,0.069537644
26223,0.112522664
26224,0.738169733
26225,0.587156169
26226,0.193896378
26227,0.089515162
26228,0
26229,0.205354486
26230,0.18373971
26231,0
26232,0.069128916
26233,0.217552823
26234,0.066767261
26235,0.155503758
26236,0.233471704
26237,0.200956317
26238,0.045170576
26239,0.003795661
26240,0.206018961
26241,0.022644525
26242,0.137947154
26243,0.178943709
26244,0.154835444
26245,0.094872353
26246,0.292681431
26247,0.408381348
26248,0.168597056
26249,0.294250606
26250,0
26251,0.202134978
26252,0.277006788
26253,0.05088525
26254,0.024652803
26255,0.052300588
26256,0.057318904
26257,0.114364846
26258,0.12688711
26259,0.015392544
26260,0.328875237
26261,0.174025053
26262,0.320747821
26263,0.563277872
26264,0.174718373
26265,0.299639922
26266,0.06757323
26267,0.081773433
26268,0.506648883
26269,0.114530724
26270,0.0790088
26271,0.173061519
26272,0.048487976
26273,0.128017843
26274,0.440289538
26275,0.132280388
26276,0.1547676
26277,0.890035939
26278,0.091906642
26279,0.185514112
26280,0.202809664
26281,0.031853056
26282,0.189331772
26283,0.001885719
26284,0.138308879
26285,0.092975258
26286,0
26287,0.060920268
26288,0.186767251
26289,0.022576353
26290,0
26291,0.200048638
26292,0
26293,0.078204944
26294,0.125827941
26295,0.138575451
26296,0.188610115
26297,0.283655861
26298,0.026322139
26299,0.255636288
26300,1
26301,0.04397505
26302,0.008095983
26303,0.0624841
26304,0.486807952
26305,0.386086918
26306,0.214347014
26307,0.133087763
26308,0
26309,0.205512942
26310,0.303548716
26311,0.095095501
26312,0.322070879
26313,0.150415071
26314,0.284077353
26315,0.054067804
26316,0.095475371
26317,0.059707654
26318,0.275806544
26319,0.10854625
26320,0.580702923
26321,0.342046053
26322,0.147529217
26323,0.453203352
26324,0
26325,0.025654305
26326,0.1577365
26327,0.059619719
26328,0.294636527
26329,0.13122444
26330,0.027564893
26331,0.077687584
26332,0.802986171
26333,0
26334,0.169133425
26335,0.26680107
26336,0.228270644
26337,0.130385478
26338,0.266087698
26339,0.841443373
26340,0.522864027
26341,0.336911956
26342,0.173063751
26343,0.01704918
26344,0
26345,0.214939917
26346,0.114657424
26347,0.109440118
26348,0.155748148
26349,0.063014657
26350,0.190192558
26351,0.166346031
26352,0.435606878
26353,0.139731966
26354,0.469751217
26355,0.148605178
26356,0.137738937
26357,0.084472246
26358,0.404290791
26359,0.513292281
26360,0.230568414
26361,0.278349957
26362,0.143786923
26363,0.121592104
26364,0.10575715
26365,0.239709233
26366,0.195596023
26367,0.188146499
26368,0
26369,0.304570993
26370,0.088852744
26371,0.481551464
26372,0.234744788
26373,0.512766615
26374,0.186654669
26375,0.302038802
26376,0
26377,0.117653673
26378,0.105497118
26379,0.085172407
26380,0.159832135
26381,0.088253759
26382,0.279831763
26383,0.259192589
26384,0.202790647
26385,0.049464412
26386,0.545294784
26387,0.278915175
26388,0.149410583
26389,0.236282691
26390,0.229672824
26391,0.104204879
26392,0.249206031
26393,0.140718569
26394,0.184168708
26395,0.176387744
26396,0.196487305
26397,0.072444634
26398,0.161855256
26399,0.260287196
26400,0.358760614
26401,0.201270273
26402,0.20203721
26403,0.290801148
26404,0.191716251
26405,0.044032625
26406,0.285581945
26407,0.063207272
26408,0.234034517
26409,0.268634481
26410,0
26411,0.116349067
26412,0.235489455
26413,0.280417574
26414,0.189955991
26415,0.082722646
26416,0.10727511
26417,0.210110165
26418,0.064822106
26419,0.131743011
26420,0.213597524
26421,0.116683366
26422,0.19616423
26423,0.095353345
26424,0.46278445
26425,0.214026466
26426,0.208142171
26427,0.252826411
26428,0.23681279
26429,0.078769462
26430,0.034860333
26431,0.102877812
26432,0.211050625
26433,0.305447895
26434,0.153523445
26435,0.43916481
26436,0.006709059
26437,0.132930892
26438,0.259605542
26439,0.403725688
26440,0.17717214
26441,0.370825631
26442,0.243007976
26443,0.081785583
26444,0.057919773
26445,0.597607491
26446,0.166821466
26447,0.154921952
26448,0.447993082
26449,0.139149914
26450,0.128101702
26451,0.068286054
26452,0.096628815
26453,0.136475927
26454,0.247870181
26455,0
26456,0
26457,0.183269772
26458,0.08229727
26459,0.14164781
26460,0.245654817
26461,0.137971916
26462,0
26463,0.112176916
26464,0.199603387
26465,0.150291652
26466,0.206293652
26467,0.165160562
26468,0.20726515
26469,0.215503206
26470,0.082309029
26471,0.361888425
26472,0.107089085
26473,0.161696727
26474,0.088170206
26475,0.161882002
26476,0.173135103
26477,0.031201938
26478,0.137777143
26479,0.1114217
26480,0.101748653
26481,0.342187711
26482,0.514162469
26483,0.296989247
26484,0.184051093
26485,0.074667801
26486,0
26487,0.315432703
26488,0.64790816
26489,0.22885166
26490,0.120795952
26491,0.134448897
26492,0.35729622
26493,0.034850521
26494,0.170571232
26495,0.273766798
26496,0.104391654
26497,0.197877145
26498,0.105376763
26499,0.078185156
26500,0.474425746
26501,0.114141251
26502,0.21419261
26503,0.390869992
26504,0.127374081
26505,0.041351137
26506,0.03106572
26507,0.030595361
26508,0.189402581
26509,0.223959283
26510,0.243207189
26511,0.237856765
26512,0.259873402
26513,0.214271519
26514,0.69867914
26515,0.157057524
26516,0.001483997
26517,0.585067205
26518,0.069456296
26519,0.577259722
26520,0.214616833
26521,0.876397158
26522,0.317273823
26523,0.146194302
26524,0.32170296
26525,0.236512548
26526,0.04907854
26527,0
26528,0.255429663
26529,0.164720684
26530,0.064445535
26531,0.132550682
26532,0.077207216
26533,0.209869069
26534,0.097424085
26535,0.107392692
26536,0.193938912
26537,0.222130142
26538,0.155591071
26539,0.161780155
26540,0.260222338
26541,0.664644412
26542,0.207970589
26543,0.132387537
26544,0.110671549
26545,0.188746727
26546,0.040568319
26547,0.096273893
26548,0.304596045
26549,0.208033338
26550,0
26551,0.179188891
26552,0.337521332
26553,0.191693132
26554,0.528192179
26555,0.161328239
26556,0.201121282
26557,0.182084866
26558,0.063774936
26559,0.176905256
26560,0.158461128
26561,1
26562,0.147325515
26563,0.260350291
26564,0.190012879
26565,0.336774537
26566,0.294344591
26567,0.314270618
26568,0.383170036
26569,0.195075105
26570,0.097739989
26571,0.357668065
26572,0.077837929
26573,0.024395622
26574,0.778679207
26575,0.173466348
26576,0
26577,0.040991249
26578,0.203662135
26579,0
26580,0.239087541
26581,0.199473933
26582,0
26583,0.245817839
26584,0.227361977
26585,0.251881416
26586,0.195075269
26587,0.239966706
26588,0.032699614
26589,0
26590,0.215932735
26591,0.138715792
26592,0
26593,0.484884576
26594,0.090051642
26595,0.261297739
26596,0.126523378
26597,0.134595456
26598,0.102810802
26599,0.490633941
26600,0.390545218
26601,0.51424911
26602,0
26603,0.181443554
26604,0.370479985
26605,0.123501835
26606,0.146606687
26607,0
26608,0.137601831
26609,0.223227644
26610,0.123710779
26611,1
26612,0.177799851
26613,0.127163344
26614,0.106905444
26615,0.136258202
26616,0.165456856
26617,0.220459961
26618,0.027919467
26619,0.050020371
26620,0.333983803
26621,0.097797561
26622,0.267414913
26623,0.03489949
26624,0.810056766
26625,0.255698156
26626,0.165574718
26627,0.053062687
26628,0.158918667
26629,0.012112864
26630,0.174178035
26631,0.124851774
26632,0.267737297
26633,0
26634,0.117983414
26635,0.372944862
26636,0.241958319
26637,0
26638,0.019619867
26639,0.20011341
26640,0
26641,0.656111945
26642,0.249903615
26643,0.508801914
26644,0.00236539
26645,0.103423688
26646,0.124133318
26647,0.16004119
26648,0.15035067
26649,0.184738169
26650,0.476359478
26651,0.191655968
26652,0.200604018
26653,0.157203444
26654,0.185234382
26655,0.40164718
26656,0.156409278
26657,0.626561276
26658,0.591844276
26659,0.253150047
26660,0.08809877
26661,0.454750451
26662,0.252039118
26663,0.02187946
26664,0.028340967
26665,0.139549389
26666,0.464813051
26667,0.200168852
26668,0.20523036
26669,0.05114948
26670,1
26671,0.657497212
26672,0.353817745
26673,0.039043779
26674,0.224542853
26675,0
26676,0.070069271
26677,0.18465432
26678,0.210175024
26679,0.252284024
26680,0.337604641
26681,0.072075951
26682,0.093279312
26683,0.134178385
26684,0.262611496
26685,0.267783483
26686,0.046985674
26687,0.820940917
26688,0.087826268
26689,0.166370606
26690,0.274681132
26691,0.1337505
26692,0.313436552
26693,0.368577724
26694,0.06924619
26695,0.162237088
26696,0.126589082
26697,0.111644506
26698,0.098486971
26699,0
26700,0.269615001
26701,0.594881965
26702,0.124935288
26703,0
26704,0.52927388
26705,0.009018037
26706,0.192868087
26707,0.079620217
26708,0.083296344
26709,0.187550356
26710,0.16862965
26711,0.157253132
26712,0
26713,0.213743551
26714,0.245363766
26715,0.170321704
26716,0.022704146
26717,0.153966439
26718,0.10776422
26719,0.219939627
26720,0.09516477
26721,0.088706714
26722,0.013630299
26723,0.009568799
26724,0
26725,0.214008215
26726,0.066072243
26727,0.213415573
26728,0.311231025
26729,0.084487494
26730,0.021067416
26731,0
26732,0.295997998
26733,0.029837109
26734,0.274233913
26735,0.226619347
26736,0.134261734
26737,0.071756553
26738,0
26739,0.257995829
26740,0.054720264
26741,0.293407577
26742,0.365287766
26743,0.060589602
26744,0.070350832
26745,0.104058472
26746,0.187206153
26747,0.131713404
26748,0.273783343
26749,0.291302403
26750,0.236343074
26751,0.27259631
26752,0.234197755
26753,0.19612291
26754,0.141569215
26755,0.213505168
26756,0.107811941
26757,0.222082638
26758,0.154132787
26759,0.161261721
26760,0.196081348
26761,0.349321714
26762,0.187988982
26763,0.42930138
26764,0.164998635
26765,0.159785092
26766,0.05370939
26767,0.610994241
26768,0
26769,0.077305724
26770,0.255281304
26771,0.014762784
26772,0.092524327
26773,0.189818982
26774,0.152060635
26775,0.444904995
26776,0.239242142
26777,0.155398576
26778,0.124981373
26779,0.037974254
26780,0.137072344
26781,0.183441962
26782,0.173817517
26783,0.166723805
26784,0.081396263
26785,0.221647575
26786,0.109836473
26787,0.124897307
26788,0.133861486
26789,0.534497445
26790,0.22387691
26791,0.010716336
26792,0.18387239
26793,0.151706698
26794,0.993070456
26795,0.300161567
26796,0.255326787
26797,0.15942255
26798,0.045940355
26799,0.108767124
26800,0.099818024
26801,0.178114466
26802,0.247775566
26803,0.23078562
26804,0.16160345
26805,0.048246748
26806,0.070207116
26807,0.152793992
26808,0.163197591
26809,0.442610145
26810,0.31758352
26811,0.063253746
26812,0.177652112
26813,0.159466661
26814,0.307824075
26815,0.176978992
26816,0.128645309
26817,0.401800582
26818,0.336176824
26819,0.174003021
26820,0.189039192
26821,0.04771579
26822,0.196737806
26823,0.111161753
26824,0.425407865
26825,0.136902733
26826,0
26827,0.025128102
26828,0.299665481
26829,0.028603453
26830,0.114969818
26831,0
26832,0.121018485
26833,0.082425795
26834,0.664118861
26835,0.324224304
26836,0.016996049
26837,0.157714263
26838,0.025740419
26839,0.072547121
26840,0.100486396
26841,0.081397336
26842,0.235098503
26843,0.665519273
26844,0.293163833
26845,0.151816286
26846,0.360039747
26847,0.280090959
26848,0.0972735
26849,0.239494692
26850,0.119971852
26851,0.136493525
26852,0
26853,0.402001888
26854,0.350047361
26855,0.382801742
26856,0
26857,0.097167051
26858,0.219045785
26859,0.240799313
26860,0.231272871
26861,0.025304058
26862,0
26863,0.111003824
26864,0.154704946
26865,0.182918992
26866,0.422721885
26867,0.199085271
26868,0.176598748
26869,0.615574325
26870,0.319586993
26871,0.331283363
26872,0.103615937
26873,0.620097642
26874,0.072913974
26875,0.105339428
26876,0.153086588
26877,0.118221804
26878,0.196318539
26879,0.156059792
26880,0.17769628
26881,0.252027684
26882,0.570420924
26883,0.049311706
26884,0.123571585
26885,0.057691071
26886,0.025431856
26887,0.393507588
26888,0.044292715
26889,0.205950776
26890,0.328794369
26891,0.208632542
26892,0
26893,0.202347497
26894,0.140158276
26895,0.151424121
26896,0.056987233
26897,0.004694238
26898,0.088165148
26899,0.119404725
26900,0.064580888
26901,0.105142576
26902,0
26903,0.138566017
26904,0.124585003
26905,0.097662681
26906,0.136104488
26907,0.339610231
26908,0.206542241
26909,0.292777512
26910,0
26911,0.260978085
26912,0.303552178
26913,0.193285534
26914,0.251822646
26915,0.121050231
26916,0.307054934
26917,0.30566197
26918,0.122709959
26919,0.037083119
26920,0.084669096
26921,0.113045463
26922,0.047808453
26923,0.249378903
26924,0.138960081
26925,0.169771664
26926,0.338659023
26927,0.216747816
26928,0
26929,0.06108911
26930,0.28087846
26931,0.433827426
26932,1
26933,0.363063762
26934,0.583215147
26935,0.093772977
26936,0.266094864
26937,0.217389718
26938,0.133893946
26939,0.074456664
26940,0.045582984
26941,0.267917254
26942,0.12033278
26943,0.351739993
26944,0.224735866
26945,0.032895783
26946,0.266992098
26947,0.290653587
26948,0.217009525
26949,0.198556642
26950,0.198858762
26951,0.793263248
26952,0.037576926
26953,0.176911605
26954,0.304346701
26955,0.319405492
26956,0
26957,0.266177026
26958,0.158778146
26959,0.108934189
26960,0.115318958
26961,0.295577402
26962,0.225617256
26963,0.333384216
26964,0.103942624
26965,0.496725064
26966,0.301249727
26967,0.137529123
26968,0.224473735
26969,0.317194054
26970,0.149656954
26971,0.108155972
26972,0.295393106
26973,0.245137565
26974,0.057071309
26975,0.297764303
26976,0.240989354
26977,0.311318778
26978,0.190069518
26979,0.013319848
26980,0.149032695
26981,0.628899476
26982,0.310672062
26983,0.429746264
26984,0.332171833
26985,0.100647647
26986,0.388724385
26987,0.026771285
26988,0.14505561
26989,0.021533254
26990,0.251790536
26991,0.277439122
26992,0.131685304
26993,0.232529488
26994,0.194754419
26995,0.121390498
26996,0.12743644
26997,0.564420163
26998,0.07367961
26999,0.25606022
27000,0.201302779
27001,0
27002,0.186619973
27003,0.209966711
27004,0.182825043
27005,0.041434604
27006,0.110329779
27007,0.164447286
27008,1
27009,0.045907951
27010,0.071489492
27011,0.149950116
27012,0.353979282
27013,0.201279173
27014,0.632882544
27015,0.224422723
27016,0.109782572
27017,0.068424284
27018,0.180935006
27019,0.126484095
27020,0.0032853
27021,0.140092496
27022,0.055151302
27023,0.45312791
27024,0.399403125
27025,0
27026,0.284250554
27027,0.142379442
27028,0.034388907
27029,0.099900706
27030,0.400950414
27031,0.135635292
27032,0.497196699
27033,0.10087169
27034,0.07856602
27035,0.167515
27036,0.109370252
27037,0.0527996
27038,0.168904544
27039,0.092607134
27040,0.11925028
27041,0.006251605
27042,0.008053073
27043,0.131369858
27044,0.63843285
27045,0.120439067
27046,0.367102771
27047,0.047647057
27048,0.092411119
27049,0.083258616
27050,0.052965831
27051,0.168236053
27052,0.354174626
27053,0.09819595
27054,0.176325159
27055,0
27056,0.068184237
27057,0.12672236
27058,0.425844974
27059,0.253776528
27060,0.03404565
27061,0.188521644
27062,0.163834958
27063,0.15774596
27064,0.299682453
27065,0
27066,0.468375754
27067,0.056611215
27068,0.237413151
27069,0.184700666
27070,0.283767198
27071,0.135978023
27072,0.031121373
27073,0.257391167
27074,0.261132696
27075,0.222983311
27076,0.091516002
27077,0.530528402
27078,0.239896871
27079,0.092549242
27080,0.204385865
27081,0.020217477
27082,0.990579015
27083,0.365818195
27084,0.487293238
27085,0.085709062
27086,0.450906002
27087,0.555644603
27088,0.088350019
27089,0.037447319
27090,0.209519875
27091,0.003394032
27092,0.803256482
27093,0.181613345
27094,0.902554229
27095,0.376491433
27096,0.16788969
27097,0.192266626
27098,0.279773585
27099,0.157210182
27100,0
27101,0.157643894
27102,0.110289748
27103,0.122141189
27104,0.055356138
27105,0.297014745
27106,0.222383711
27107,0.318168679
27108,0.228847775
27109,0.176165301
27110,0.139674088
27111,0.291102905
27112,0.047904867
27113,0.234552626
27114,0.218517919
27115,0.238052511
27116,0.715386026
27117,0.189769469
27118,0.388897262
27119,0.152002649
27120,0.132351967
27121,0
27122,0.348960388
27123,0.064512798
27124,0.147350902
27125,0.135563042
27126,0.30066776
27127,0.203121543
27128,0.213987554
27129,0.062164361
27130,0.214418353
27131,0.248617841
27132,0.778633086
27133,0.206781483
27134,0.190522461
27135,0.862044487
27136,0.317938411
27137,0.202240769
27138,0.00847425
27139,0
27140,0.050340216
27141,0.098921424
27142,0.068195849
27143,0.21012233
27144,0
27145,0.016848733
27146,0.27538083
27147,0.120464041
27148,0.119991591
27149,0.172738253
27150,0.452388997
27151,0.585356391
27152,0.08955095
27153,0.04711856
27154,0.191864051
27155,0.045269078
27156,0.176150416
27157,0.147061548
27158,0
27159,0.021832372
27160,0.122811325
27161,0.140584825
27162,0.609970924
27163,0.215524604
27164,0.173755257
27165,0
27166,0.064327607
27167,0.388417899
27168,0.074791094
27169,0.164451897
27170,0.51780498
27171,0.077914827
27172,0.15132771
27173,0.114466561
27174,0.199264789
27175,0.252694919
27176,0
27177,0.138345706
27178,0.304273702
27179,0.158945397
27180,0.314257565
27181,0.525199429
27182,0.066999207
27183,0.280033069
27184,0.021425224
27185,0.052821145
27186,0.311038395
27187,0.180194388
27188,0.143800784
27189,0.309279672
27190,0
27191,0.091740193
27192,1
27193,0.814197958
27194,0
27195,0.164256436
27196,0.215515251
27197,0.085147398
27198,0.209614857
27199,0.074154188
27200,0.189052452
27201,0.080368299
27202,0.288784715
27203,0.041087179
27204,0.389892046
27205,0.16676195
27206,0.206760512
27207,0.730322546
27208,0.053022093
27209,0.476076528
27210,0.113070051
27211,0.345389053
27212,0
27213,0.280704987
27214,0.665850519
27215,0.53647356
27216,0.001411022
27217,0.123919426
27218,0.06571607
27219,0.158429771
27220,0.05070399
27221,0.123232836
27222,0.461225054
27223,0.505698088
27224,0
27225,0.898145299
27226,0.285176937
27227,0.339990054
27228,0.342216519
27229,0.08833155
27230,0.327131289
27231,0.344590879
27232,0.068193328
27233,0.193751402
27234,0.066660571
27235,0.476405522
27236,0.047320704
27237,0.013036348
27238,0.165605792
27239,0.268074789
27240,0.219545259
27241,0.33526283
27242,0.007441857
27243,0.140556029
27244,0.080042118
27245,0.112911798
27246,0.102965775
27247,0.255486961
27248,0
27249,0.092287145
27250,0.157624322
27251,0.212345294
27252,0
27253,0.096748699
27254,0.086387271
27255,0.088799563
27256,0.5972647
27257,0.019140817
27258,0.127491362
27259,0.23125104
27260,0.995698084
27261,0.075878033
27262,0.063023602
27263,0
27264,0.140700338
27265,0.424986265
27266,0.019753174
27267,0.063753241
27268,0.211941484
27269,0.259979685
27270,0.128920717
27271,0.309321697
27272,0.763042771
27273,0.379252618
27274,0.299152308
27275,0.182790237
27276,0.115872706
27277,0.169163717
27278,0.049899031
27279,0.233556065
27280,0.213858457
27281,0.332383236
27282,0.100468516
27283,0.099867687
27284,0.89077727
27285,0.300550643
27286,0.338313575
27287,0.085278373
27288,0.16040517
27289,0.096902167
27290,0.118210159
27291,0.244738355
27292,0.685461941
27293,0
27294,0.246346409
27295,0.032621722
27296,0.212123128
27297,0.196507191
27298,0.169589486
27299,0.062436768
27300,0.19969193
27301,0.003466508
27302,0.287939352
27303,0.113044108
27304,0.355940686
27305,0.022057477
27306,0.260651618
27307,0.022918904
27308,0
27309,0.226249548
27310,0.086477726
27311,0.210488124
27312,0.668208301
27313,0.145114761
27314,0.093968104
27315,0.061661545
27316,0.114124376
27317,0.166786741
27318,0.15047928
27319,0.572581473
27320,0.741892227
27321,0.430938575
27322,0.353117194
27323,0.085167522
27324,0.292473024
27325,0.511018879
27326,0.190430243
27327,0.156210106
27328,0.242258652
27329,0.155741518
27330,0.054045294
27331,0.34337433
27332,0.344303403
27333,0.809145645
27334,0.028067168
27335,0.158386023
27336,0.175660976
27337,0.040260574
27338,0.135460787
27339,0.315021015
27340,0.33816598
27341,0.068597932
27342,0.068838223
27343,0.21477977
27344,0.20941245
27345,0.230252168
27346,0.148922109
27347,0.127559146
27348,0.282834694
27349,0.123034204
27350,0.043168342
27351,0.359811583
27352,0.179109793
27353,0.454867174
27354,0.33357691
27355,0.116141336
27356,0.237483988
27357,0.147876178
27358,0.372919702
27359,0
27360,0.10205581
27361,0.146626916
27362,0.297332385
27363,0.154398555
27364,0.120749114
27365,0.151178646
27366,0.372339426
27367,0.143677592
27368,0.333064152
27369,0.132352766
27370,0.533541635
27371,0.16789617
27372,0.352594141
27373,0.280260535
27374,0.069149865
27375,0.126424951
27376,0
27377,0.142539906
27378,0.064765771
27379,0.050013085
27380,0.096091351
27381,0.192056338
27382,0.137732777
27383,0.087822162
27384,0.180045698
27385,0.109037986
27386,0.177695044
27387,0.133484143
27388,0.217967018
27389,0.057614936
27390,0.084728689
27391,0.212678827
27392,0.732600541
27393,0.343889226
27394,0
27395,0.161471644
27396,0.174915975
27397,0.214301578
27398,0.132124529
27399,0.113137687
27400,0.282044649
27401,0.236058195
27402,0.232269096
27403,0.159254931
27404,0.027874253
27405,0.273619497
27406,0.190156781
27407,0.10581485
27408,0
27409,0
27410,0.213958674
27411,0.145322683
27412,0.287546183
27413,0.235847862
27414,0.322973611
27415,0.288233129
27416,0.012484558
27417,0.234415441
27418,0.110984519
27419,0.045812385
27420,0.126679824
27421,0.295112025
27422,0.5127195
27423,0.415797162
27424,0
27425,0.35906471
27426,0.253591222
27427,0.072311232
27428,0.463876674
27429,0.191365247
27430,0.099460275
27431,0.040493749
27432,0.094926939
27433,0.533664755
27434,0.141218938
27435,0
27436,0.13260177
27437,0.911171199
27438,0.061363565
27439,0.161863226
27440,0.096504142
27441,0.076748787
27442,0.155229308
27443,0
27444,0.250179428
27445,0.165281223
27446,0.381349857
27447,0
27448,0.20621146
27449,0.293894729
27450,0.209129301
27451,0.220947916
27452,0.042095452
27453,0.135633118
27454,0.029271398
27455,0.3467508
27456,0.242567423
27457,0.065659672
27458,0.434257333
27459,0.385662328
27460,0.178373108
27461,0.106492031
27462,0
27463,0.021033233
27464,0.163204525
27465,0.038811288
27466,0.178063209
27467,0.49152877
27468,0.036571576
27469,1
27470,0.098404668
27471,0.417275112
27472,0.071415812
27473,0
27474,0.077339163
27475,0.085568669
27476,0.317690284
27477,0.267807366
27478,0.239406693
27479,0.430383181
27480,0.420465619
27481,0.24293673
27482,0.093321843
27483,0.172180097
27484,0
27485,0.100646606
27486,0
27487,0.7564443
27488,0.089133027
27489,0.487900779
27490,0.053029443
27491,0.25214145
27492,0
27493,0.033465265
27494,0.134929657
27495,0.382103522
27496,0
27497,0.183871283
27498,0.039528906
27499,0.22691041
27500,0.047610308
27501,0.162730134
27502,0.241416053
27503,0.02692977
27504,0.159857903
27505,0
27506,0.2063142
27507,0.33930311
27508,0.279935021
27509,0.271690448
27510,0.139898315
27511,0.112386664
27512,0.454974933
27513,0.160448783
27514,0.111577135
27515,0
27516,0
27517,0.295378512
27518,0.278023376
27519,0.191091492
27520,0.218538448
27521,0
27522,0.18021707
27523,0.126052844
27524,0.292574029
27525,0.17485135
27526,0.001115222
27527,0.271788965
27528,0.187056497
27529,0.313539347
27530,0.197473424
27531,0.595070389
27532,0.150634675
27533,0.155753132
27534,0.254437247
27535,0.096804924
27536,0.27434523
27537,0.349028295
27538,0.104189404
27539,0.689290452
27540,0.202500196
27541,0.430089255
27542,0.078101296
27543,0.391165374
27544,0.679941208
27545,0.17764806
27546,0.115639213
27547,0.217077281
27548,0
27549,0.893221252
27550,0.117392401
27551,0.2205482
27552,0.176559919
27553,0.192460075
27554,0.249793939
27555,0.087671172
27556,0.14543277
27557,0.089785981
27558,0.270451321
27559,0.107186775
27560,0.279511582
27561,0.021954236
27562,0.093190305
27563,0.004898496
27564,0.124510687
27565,0.080186366
27566,0.707713143
27567,0.098709123
27568,0.154906924
27569,0.235117288
27570,0
27571,0.122047293
27572,0.028015859
27573,0.217014485
27574,0.982143944
27575,0.127963279
27576,0.319744836
27577,0.303972265
27578,0.404349233
27579,0.399622051
27580,0.090774016
27581,0.17387401
27582,0.741042631
27583,0.178449092
27584,0.39123378
27585,0.425276042
27586,0.026215318
27587,0.449702981
27588,0.113117057
27589,0.134706547
27590,0.267303784
27591,0.126102808
27592,0.139451545
27593,0.777710855
27594,0.002094294
27595,1
27596,0.073010761
27597,0.217606283
27598,0.194274435
27599,0.247852734
27600,0.144538954
27601,0.1745556
27602,0.292425126
27603,0.164394218
27604,0.260253183
27605,0.10190894
27606,0.096592252
27607,0.344144281
27608,0.066307438
27609,0.05377974
27610,0.108502771
27611,0.013928014
27612,0.122247355
27613,0.083405787
27614,0.248195889
27615,1
27616,0.343361764
27617,1
27618,0
27619,0.183180633
27620,0
27621,0.209337954
27622,0.082573266
27623,0.379637781
27624,0.110595034
27625,0
27626,0.0534759
27627,0.111239428
27628,0.200329557
27629,0.095233859
27630,0.210950054
27631,0.694752375
27632,0.008627238
27633,0.308268546
27634,0.642484318
27635,0.150124481
27636,0.143211201
27637,0.214894871
27638,0
27639,0
27640,0.03701029
27641,0.109745387
27642,0.247764617
27643,0.230117053
27644,0.068376798
27645,0.071125358
27646,0.152563837
27647,0.171338159
27648,0
27649,0.268522915
27650,0.195118518
27651,0.144690902
27652,0.488266559
27653,0.366133087
27654,0.135827222
27655,0.261455655
27656,0.294134772
27657,0.028806198
27658,0.137495657
27659,0.599144679
27660,0.069585366
27661,0.047598339
27662,0.598132252
27663,0.141217822
27664,0.340890137
27665,0.060006944
27666,0.194043233
27667,0.586751667
27668,0.157170463
27669,0.044503661
27670,0.183697296
27671,0.120113627
27672,0.367368524
27673,0.201467935
27674,0.223781568
27675,0.288360889
27676,0.317047057
27677,0.117826259
27678,0.07026477
27679,0.347180397
27680,0.059231724
27681,0
27682,0.129220078
27683,0.058439507
27684,0.049930263
27685,0.130544818
27686,1
27687,0.6589072
27688,0.219196083
27689,0.36771226
27690,0.119938775
27691,0.111916884
27692,0.10119265
27693,0.238697941
27694,0.166416978
27695,0.121672195
27696,0
27697,0.154280517
27698,0.12980119
27699,0
27700,0.059449349
27701,0.080278734
27702,0.199517389
27703,0.21550577
27704,0.131966152
27705,0.029730179
27706,0.334514363
27707,0.158297402
27708,0
27709,0.164701975
27710,0.143721076
27711,0.274304307
27712,0.541257788
27713,0.288091146
27714,0.098954392
27715,0.405754917
27716,0.564195172
27717,0
27718,0.197789579
27719,0.233553693
27720,0.161731624
27721,0.12757107
27722,0.285786411
27723,0.339364972
27724,0.11393615
27725,0
27726,0.449639766
27727,0.162609215
27728,0.230559731
27729,0.150650476
27730,0.24027057
27731,0.168064401
27732,0.105289877
27733,0.396661478
27734,0.257007865
27735,0.205675214
27736,0.142922794
27737,0.014200276
27738,0.209957371
27739,0
27740,0.150800167
27741,0.144887768
27742,0.244366626
27743,0.374829861
27744,0.115330149
27745,0.833702815
27746,1
27747,0.038396582
27748,0.339425998
27749,0.009628044
27750,0
27751,0.228624256
27752,0.189503563
27753,0.267728628
27754,0.138737127
27755,0.196429021
27756,0.133586384
27757,0.224262831
27758,0
27759,0.463705709
27760,0.117683803
27761,0.204384326
27762,0
27763,0.284256707
27764,0.194329664
27765,0.047297522
27766,0.18354183
27767,0.568248938
27768,0.15181643
27769,0.016542534
27770,0.034604937
27771,0.079385643
27772,0
27773,0.146942241
27774,0.185808297
27775,0.13584365
27776,0.319800387
27777,0.18679511
27778,0.878909133
27779,0.026677276
27780,0.021343056
27781,0.187269771
27782,0.880351789
27783,0.001451489
27784,0.361772677
27785,0
27786,0.159579334
27787,0.046643169
27788,0
27789,0.231007347
27790,0.110185632
27791,0.34848083
27792,0.335063228
27793,0.164842738
27794,0.312827492
27795,0.078589254
27796,0.093668084
27797,0.016721876
27798,0.183562712
27799,0.260139851
27800,0.198645127
27801,0.025695262
27802,0
27803,0.062891568
27804,1
27805,0.179977895
27806,0.192863517
27807,1
27808,1
27809,0.177443526
27810,0.685958322
27811,0.227198188
27812,0.103691748
27813,0.036062314
27814,0.008053977
27815,0.26355542
27816,0.373572529
27817,0.162252893
27818,0.042452605
27819,0.245434242
27820,0.078943428
27821,0.189472235
27822,0.302557295
27823,0.148032681
27824,0.002213049
27825,0.166003919
27826,0.264024222
27827,0
27828,0.256010867
27829,0.33076079
27830,0.126359073
27831,0.205726737
27832,0
27833,0.213060706
27834,0.388547191
27835,0.05594331
27836,0.138564799
27837,0.166873565
27838,0.146547026
27839,0.072762252
27840,0.269764461
27841,0.055805928
27842,0.087485795
27843,0.240146487
27844,0.385223781
27845,0.66229689
27846,0.261073356
27847,0.190824607
27848,0.118187436
27849,0.212966175
27850,0.064363003
27851,0.207039078
27852,0.183297712
27853,0.304140523
27854,0.028473732
27855,0.194311419
27856,0.45178483
27857,0.087542099
27858,0.714352784
27859,0.110906202
27860,0.161800902
27861,0.129759916
27862,0.061375618
27863,0.27270325
27864,0.032253912
27865,0.19313615
27866,0.12799464
27867,0.785710851
27868,0.106476974
27869,0.052989738
27870,0.30721388
27871,0.073821979
27872,0.346317127
27873,0.425773269
27874,0.189071339
27875,0.354204652
27876,0.087194564
27877,0.077275599
27878,0.367646574
27879,0.571127522
27880,0.413219907
27881,0.036142065
27882,0.34275721
27883,0.043599448
27884,0.01896598
27885,0.547131289
27886,0.181620146
27887,0.182732465
27888,0.039152097
27889,0.096251218
27890,0.344288599
27891,0.135394913
27892,0
27893,0.226992401
27894,0.121702538
27895,0.343050995
27896,0.214187659
27897,0.176343269
27898,0.051019477
27899,0.055712763
27900,0.262444938
27901,0.110609806
27902,0.458498477
27903,0.212657854
27904,0
27905,0.141278745
27906,0.210377617
27907,0.013679378
27908,0.267198126
27909,0.599944211
27910,0.252289035
27911,0.053314733
27912,0.20180703
27913,0
27914,0.215768518
27915,0.176213537
27916,0.050669716
27917,0.15724587
27918,0.260093869
27919,0.024475114
27920,0.019247016
27921,0.199536517
27922,0.073348801
27923,0.215386766
27924,0.098501665
27925,0.321952086
27926,0.3971125
27927,0.223669864
27928,0.055441397
27929,0
27930,0.133277071
27931,0.009597039
27932,0.296422093
27933,0.22021965
27934,0.169471208
27935,0.171848773
27936,0.150840678
27937,0.143771859
27938,0.157624893
27939,0.111414778
27940,0.207420544
27941,0.147364469
27942,0.019625329
27943,0.085907699
27944,0.017216587
27945,0.287072957
27946,0.207337305
27947,0.19429442
27948,0.38390114
27949,0
27950,0.598004684
27951,0.121220636
27952,0.304738565
27953,0.253050012
27954,0.104279549
27955,0.240073591
27956,0
27957,0.662077044
27958,0.252848792
27959,0.071304236
27960,0.176831019
27961,0.086389886
27962,0.173304337
27963,0.271390327
27964,0.161762273
27965,0.240801168
27966,0.505575768
27967,0.170865093
27968,0.42320251
27969,0.207516047
27970,0.072757762
27971,0.223665922
27972,0.193241962
27973,0.565907607
27974,0.381290722
27975,0.065235332
27976,0.526651435
27977,0.466191947
27978,0.260351221
27979,0.199898019
27980,0.055962328
27981,0.165946433
27982,0.319632212
27983,0.074248335
27984,0.319902157
27985,0.15821702
27986,0.10932822
27987,0.082706724
27988,0.506185637
27989,0.409832607
27990,0.23267601
27991,0.291662897
27992,0.073293775
27993,0
27994,0.426347256
27995,0.19861881
27996,0.184373401
27997,0.113640075
27998,0.083643018
27999,0.235404359
28000,0.163659491
28001,0.263565572
28002,0.220814909
28003,0.122603713
28004,0.099946825
28005,0.207437464
28006,0.232687624
28007,0.116030706
28008,0.219804224
28009,0.055863419
28010,0.366004906
28011,0.217822847
28012,0.147267507
28013,0
28014,0.099290447
28015,0.302674989
28016,0.103401614
28017,0.061657844
28018,0.234072069
28019,0.198632025
28020,0.123863593
28021,0.165312731
28022,0.041480805
28023,0.268973472
28024,0.296940812
28025,0.09180063
28026,0.107260339
28027,0.315306522
28028,0.060804586
28029,0.145912235
28030,0.223576885
28031,0.384977097
28032,0
28033,0
28034,0.047110954
28035,0.588827561
28036,0.26484814
28037,0.214611616
28038,0.049335754
28039,0.319019633
28040,0.04104575
28041,0.076897034
28042,0.055495603
28043,0.155979996
28044,0
28045,0.139186281
28046,0.626521414
28047,0.341149084
28048,0.133805763
28049,0.124641063
28050,0.256965997
